Workbook

Sheet EDA_Charts
A1: Row Labels | B1: Count of CustomerID
A2: Non-Churn | B2: 796
A3: Churn | B3: 204
A4: Grand Total | B4: 1000
A18: Count of CustomerID | B18: Column Labels
A19: Row Labels | B19: Non-Churn | C19: Churn | D19: Grand Total
A20: Female | B20: 412 | C20: 101 | D20: 513
A21: Male | B21: 384 | C21: 103 | D21: 487
A22: Grand Total | B22: 796 | C22: 204 | D22: 1000
A35: Count of CustomerID | B35: Column Labels
A36: Row Labels | B36: Non-Churn | C36: Churn | D36: Grand Total
A37: High | B37: 282 | C37: 67 | D37: 349
A38: Low | B38: 253 | C38: 72 | D38: 325
A39: Medium | B39: 261 | C39: 65 | D39: 326
A40: Grand Total | B40: 796 | C40: 204 | D40: 1000
A52: Count of CustomerID | B52: Column Labels
A53: Row Labels | B53: Non-Churn | C53: Churn | D53: Grand Total
A54: 18-30 | B54: 214 | C54: 52 | D54: 266
A55: 31-45 | B55: 216 | C55: 60 | D55: 276
A56: 46-60 | B56: 228 | C56: 56 | D56: 284
A57: 61+ | B57: 138 | C57: 36 | D57: 174
A58: Grand Total | B58: 796 | C58: 204 | D58: 1000
A68: Count of CustomerID | B68: Column Labels
A69: Row Labels | B69: Non_Churn | C69: Churn | D69: Grand Total
A70: Mobile App | B70: 263 | C70: 79 | D70: 342
A71: Online Banking | B71: 279 | C71: 70 | D71: 349
A72: Website | B72: 254 | C72: 55 | D72: 309
A73: Grand Total | B73: 796 | C73: 204 | D73: 1000
A84: Row Labels | B84: Average of LoginFrequency
A85: Non-Churn | B85: 26.492462
A86: Churn | B86: 23.647059
A87: Grand Total | B87: 25.912
A100: Count of LoginFrequency | B100: Column Labels
A101: Row Labels | B101: Non-churn | C101: Churn | D101: Grand Total
A102: No Unresolved | B102: 471 | C102: 118 | D102: 589
A103: Has Unresolved | B103: 325 | C103: 86 | D103: 411
A104: Grand Total | B104: 796 | C104: 204 | D104: 1000

Sheet Customer_level
A1: CustomerID | B1: Age | C1: Age_Group | D1: Gender | E1: MaritalStatus | F1: IncomeLevel | G1: ChurnStatus | H1: LoginFrequency | I1: ServiceUsage | J1: Total_Amount_Spent | K1: Avg_Amount_Spent | L1: Jumlah_Transaksi | M1: Total_Interaction | N1: Has_Unresolved | O1: Pernah_Complaint | P1: Pernah_Inquiry | Q1: Pernah_Feedback | R1: Recency_Days | S1: Recency_Score | T1: Frequency_Score | U1: Monetary_Score | V1: RFM_Score
A2: 1 | B2: 62 | C2: 61+ | D2: M | E2: Single | F2: Low | G2: 0 | H2: 34 | I2: Mobile App | J2: 416.5 | K2: 416.5 | L2: 1 | M2: 1 | N2: 0 | O2: 0 | P2: 1 | Q2: 0 | R2: 279 | S2: 1 | T2: 1 | U2: 1 | V2: 3
A3: 2 | B3: 65 | C3: 61+ | D3: M | E3: Married | F3: Low | G3: 1 | H3: 5 | I3: Website | J3: 1547.42 | K3: 221.06 | L3: 7 | M3: 1 | N3: 0 | O3: 0 | P3: 1 | Q3: 0 | R3: 42 | S3: 2 | T3: 2 | U3: 2 | V3: 6
A4: 3 | B4: 18 | C4: 18-30 | D4: M | E4: Single | F4: Low | G4: 0 | H4: 3 | I4: Website | J4: 1702.98 | K4: 283.83 | L4: 6 | M4: 1 | N4: 0 | O4: 0 | P4: 1 | Q4: 0 | R4: 84 | S4: 1 | T4: 2 | U4: 3 | V4: 6
A5: 4 | B5: 21 | C5: 18-30 | D5: M | E5: Widowed | F5: Low | G5: 0 | H5: 2 | I5: Website | J5: 917.29 | K5: 183.458 | L5: 5 | M5: 2 | N5: 1 | O5: 0 | P5: 1 | Q5: 0 | R5: 4 | S5: 3 | T5: 2 | U5: 2 | V5: 7
A6: 5 | B6: 21 | C6: 18-30 | D6: M | E6: Divorced | F6: Medium | G6: 0 | H6: 41 | I6: Website | J6: 2001.49 | K6: 250.18625 | L6: 8 | M6: 0 | N6: 0 | O6: 0 | P6: 0 | Q6: 0 | R6: 10 | S6: 3 | T6: 3 | U6: 3 | V6: 9
A7: 6 | B7: 57 | C7: 46-60 | D7: F | E7: Divorced | F7: Medium | G7: 0 | H7: 2 | I7: Website | J7: 1164.29 | K7: 232.858 | L7: 5 | M7: 1 | N7: 0 | O7: 0 | P7: 0 | Q7: 1 | R7: 63 | S7: 2 | T7: 2 | U7: 2 | V7: 6
A8: 7 | B8: 27 | C8: 18-30 | D8: F | E8: Married | F8: High | G8: 0 | H8: 32 | I8: Mobile App | J8: 86.73 | K8: 86.73 | L8: 1 | M8: 0 | N8: 0 | O8: 0 | P8: 0 | Q8: 0 | R8: 68 | S8: 2 | T8: 1 | U8: 1 | V8: 4
A9: 8 | B9: 37 | C9: 31-45 | D9: M | E9: Single | F9: Low | G9: 1 | H9: 17 | I9: Online Banking | J9: 2046.88 | K9: 292.41143 | L9: 7 | M9: 2 | N9: 1 | O9: 0 | P9: 1 | Q9: 1 | R9: 52 | S9: 2 | T9: 2 | U9: 3 | V9: 7
A10: 9 | B10: 39 | C10: 31-45 | D10: M | E10: Divorced | F10: High | G10: 0 | H10: 24 | I10: Website | J10: 1317.24 | K10: 263.448 | L10: 5 | M10: 1 | N10: 0 | O10: 0 | P10: 1 | Q10: 0 | R10: 73 | S10: 2 | T10: 2 | U10: 2 | V10: 6
A11: 10 | B11: 68 | C11: 61+ | D11: M | E11: Married | F11: High | G11: 1 | H11: 29 | I11: Online Banking | J11: 1397.36 | K11: 199.62286 | L11: 7 | M11: 0 | N11: 0 | O11: 0 | P11: 0 | Q11: 0 | R11: 61 | S11: 2 | T11: 2 | U11: 2 | V11: 6
A12: 11 | B12: 54 | C12: 46-60 | D12: M | E12: Divorced | F12: Medium | G12: 0 | H12: 30 | I12: Online Banking | J12: 1733.83 | K12: 346.766 | L12: 5 | M12: 2 | N12: 1 | O12: 0 | P12: 0 | Q12: 1 | R12: 17 | S12: 3 | T12: 2 | U12: 3 | V12: 8
A13: 12 | B13: 41 | C13: 31-45 | D13: F | E13: Married | F13: Low | G13: 0 | H13: 43 | I13: Website | J13: 87.1 | K13: 87.1 | L13: 1 | M13: 2 | N13: 1 | O13: 0 | P13: 1 | Q13: 1 | R13: 59 | S13: 2 | T13: 1 | U13: 1 | V13: 4
... A1001: 1000 | B1001: 34 | C1001: 31-45 | D1001: M | E1001: Widowed | F1001: Low | G1001: 0 | H1001: 22 | I1001: Mobile App | J1001: 1670.79 | K1001: 278.465 | L1001: 6 | M1001: 0 | N1001: 0 | O1001: 0 | P1001: 0 | Q1001: 0 | R1001: 18 | S1001: 3 | T1001: 2 | U1001: 3 | V1001: 8

Sheet Data_Cleaning
A1: Kolom | B1: Total_Null | C1: Persentase | D1: Metode
A2: CustomerID | B2: =COUNTBLANK(Customer_level!A$2:A$1001) -> 0 | C2: =B2/1000*100 -> 0
A3: Age | B3: =COUNTBLANK(Customer_level!B$2:B$1001) -> 0 | C3: =B3/1000*100 -> 0
A4: Gender | B4: =COUNTBLANK(Customer_level!D2:D1001) -> 0 | C4: =B4/1000*100 -> 0
A5: MaritalStatus | B5: =COUNTBLANK(Customer_level!E2:E1001) -> 0 | C5: =B5/1000*100 -> 0
A6: IncomeLevel | B6: =COUNTBLANK(Customer_level!F2:F1001) -> 0 | C6: =B6/1000*100 -> 0
A7: ChurnStatus | B7: =COUNTBLANK(Customer_level!G2:G1001) -> 0 | C7: =B7/1000*100 -> 0
A8: LoginFrequency | B8: =COUNTBLANK(Customer_level!H2:H1001) -> 0 | C8: =B8/1000*100 -> 0
A9: ServiceUsage | B9: =COUNTBLANK(Customer_level!I2:I1001) -> 0 | C9: =B9/1000*100 -> 0
A10: Total_Amount_Spent | B10: =COUNTBLANK(Customer_level!J2:J1001) -> 0 | C10: =B10/1000*100 -> 0
A11: Avg_Amount_Spent | B11: =COUNTBLANK(Customer_level!K2:K1001) -> 0 | C11: =B11/1000*100 -> 0
A12: Jumlah_Transaksi | B12: =COUNTBLANK(Customer_level!L2:L1001) -> 0 | C12: =B12/1000*100 -> 0
A13: Total_Interaction | B13: =COUNTBLANK(Customer_level!M2:M1001) -> 0 | C13: =B13/1000*100 -> 0
A14: Has_Unresolved | B14: =COUNTBLANK(Customer_level!N2:N1001) -> 0 | C14: =B14/1000*100 -> 0
A15: Pernah_Complaint | B15: =COUNTBLANK(Customer_level!O2:O1001) -> 0 | C15: =B15/1000*100 -> 0
A16: Pernah_Inquiry | B16: =COUNTBLANK(Customer_level!P2:P1001) -> 0 | C16: =B16/1000*100 -> 0
A17: Pernah_Feedback | B17: =COUNTBLANK(Customer_level!Q2:Q1001) -> 0 | C17: =B17/1000*100 -> 0
A18: Recency_Days | B18: =COUNTBLANK(Customer_level!R2:R1001) -> 0 | C18: =B18/1000*100 -> 0
A19: Recency_Score | B19: =COUNTBLANK(Customer_level!S2:S1001) -> 0 | C19: =B19/1000*100 -> 0
A20: Frequency_Score | B20: =COUNTBLANK(Customer_level!T2:T1001) -> 0 | C20: =B20/1000*100 -> 0
A21: Monetary_Score | B21: =COUNTBLANK(Customer_level!U2:U1001) -> 0 | C21: =B21/1000*100 -> 0
A22: RFM_Score | B22: =COUNTBLANK(Customer_level!V2:V1001) -> 0 | C22: =B22/1000*100 -> 0
A25: Lower Bound = Q1 - (1.5 × IQR)
A26: Upper Bound = Q3 + (1.5 × IQR)
A27: IQR = Q3 - Q1
A30: Kolom | B30: Q1 | C30: Q3 | D30: IQR | E30: Lower_Bound | F30: Upper_Bound | G30: Count_Outlier | H30: Pct_Outlier | I30: Keputusan
A31: Age | B31: =QUARTILE(Customer_level!B2:B1001,1) -> 30 | C31: =QUARTILE(Customer_level!B2:B1001,3) -> 56 | D31: =C31-B31 -> 26 | E31: =B31-(1.5*D31) -> -9 | F31: =C31+(1.5*D31) -> 95 | G31: =COUNTIFS(Customer_level!B2:B1001,"<"&E31)+COUNTIFS(Customer_level!B2:B1001,">"&F31) -> 0 | H31: =Table2[[#This Row],[Count_Outlier]]/1000*100 -> 0 | I31: Tidak ada outlier
A32: LoginFrequency | B32: =QUARTILE(Customer_level!H2:H1001,1) -> 13.75 | C32: =QUARTILE(Customer_level!H2:H1001,3) -> 38 | D32: =C32-B32 -> 24.25 | E32: =B32-(1.5*D32) -> -22.625 | F32: =C32+(1.5*D32) -> 74.375 | G32: =COUNTIFS(Customer_level!H2:H1001,"<"&E32)+COUNTIFS(Customer_level!H2:H1001,">"&F32) -> 0 | H32: =Table2[[#This Row],[Count_Outlier]]/1000*100 -> 0 | I32: Tidak ada outlier
A33: Total_Amount_Spent | B33: =QUARTILE(Customer_level!J2:J1001,1) -> 626.685 | C33: =QUARTILE(Customer_level!J2:J1001,3) -> 1791.9025 | D33: =C33-B33 -> 1165.2175 | E33: =B33-(1.5*D33) -> -1121.1413 | F33: =C33+(1.5*D33) -> 3539.7288 | G33: =COUNTIFS(Customer_level!J2:J1001,"<"&E33)+COUNTIFS(Customer_level!J2:J1001,">"&F33) -> 0 | H33: =Table2[[#This Row],[Count_Outlier]]/1000*100 -> 0 | I33: Tidak ada outlier
A34: Avg_Amount_Spent | B34: =QUARTILE(Customer_level!K2:K1001,1) -> 203.73417 | C34: =QUARTILE(Customer_level!K2:K1001,3) -> 295.02385 | D34: =C34-B34 -> 91.289687 | E34: =B34-(1.5*D34) -> 66.799635 | F34: =C34+(1.5*D34) -> 431.95839 | G34: =COUNTIFS(Customer_level!K2:K1001,"<"&E34)+COUNTIFS(Customer_level!K2:K1001,">"&F34) -> 38 | H34: =Table2[[#This Row],[Count_Outlier]]/1000*100 -> 3.8 | I34: Dipertahankan - variasi natural perilaku spending
A35: Jumlah_Transaksi | B35: =QUARTILE(Customer_level!L2:L1001,1) -> 3 | C35: =QUARTILE(Customer_level!L2:L1001,3) -> 7 | D35: =C35-B35 -> 4 | E35: =B35-(1.5*D35) -> -3 | F35: =C35+(1.5*D35) -> 13 | G35: =COUNTIFS(Customer_level!L2:L1001,"<"&E35)+COUNTIFS(Customer_level!L2:L1001,">"&F35) -> 0 | H35: =Table2[[#This Row],[Count_Outlier]]/1000*100 -> 0 | I35: Tidak Ada Outlier
A36: Recency_Days | B36: =QUARTILE(Customer_level!R2:R1001,1) -> 20 | C36: =QUARTILE(Customer_level!R2:R1001,3) -> 106 | D36: =C36-B36 -> 86 | E36: =B36-(1.5*D36) -> -109 | F36: =C36+(1.5*D36) -> 235 | G36: =COUNTIFS(Customer_level!R2:R1001,"<"&E36)+COUNTIFS(Customer_level!R2:R1001,">"&F36) -> 66 | H36: =Table2[[#This Row],[Count_Outlier]]/1000*100 -> 6.6 | I36: Dipertahankan - sinyal churn kuat

Sheet Customer_Encoded
A1: CustomerID | B1: Age | C1: Gender-Encoded | D1: MS_Single | E1: MS_Married | F1: MS_Divorced | G1: MS_Widowed | H1: IncomeLevel | I1: ChurnStatus | J1: LoginFrequency | K1: Su_MobileApp | L1: SU_Website | M1: SU_OnlineBanking | N1: Total_Amount_Spent | O1: Avg_Amount_Spent | P1: Jumlah_Transaksi | Q1: Total_Interaction | R1: Has_Unresolved | S1: Pernah_Complaint | T1: Pernah_Inquiry | U1: Pernah_Feedback | V1: Recency_Days | W1: Recency_Score | X1: Frequency_Score | Y1: Monetary_Score | Z1: RFM_Score
A2: 1 | B2: 0.8627451 | C2: 1 | D2: 1 | E2: 0 | F2: 0 | G2: 0 | H2: 1 | I2: 0 | J2: 0.69374734 | K2: 1 | L2: 0 | M2: 0 | N2: 0.12045945 | O2: 0.0015090847 | P2: 0 | Q2: 1 | R2: 0 | S2: 0 | T2: 1 | U2: 0 | V2: 0.78591549 | W2: 1 | X2: 1 | Y2: 1 | Z2: 3
A3: 2 | B3: 0.92156863 | C3: 1 | D3: 0 | E3: 1 | F3: 0 | G3: 0 | H3: 1 | I3: 1 | J3: 0.10165887 | K3: 0 | L3: 1 | M3: 0 | N3: 0.45542379 | O3: 0.0017605988 | P3: 0.75 | Q3: 1 | R3: 0 | S3: 0 | T3: 1 | U3: 0 | V3: 0.11830986 | W3: 2 | X3: 2 | Y3: 2 | Z3: 6
A4: 3 | B4: 0 | C4: 1 | D4: 1 | E4: 0 | F4: 0 | G4: 0 | H4: 1 | I4: 0 | J4: 0.060825181 | K4: 0 | L4: 1 | M4: 0 | N4: 0.50149871 | O4: 0 | P4: 0.625 | Q4: 1 | R4: 0 | S4: 0 | T4: 1 | U4: 0 | V4: 0.23661972 | W4: 1 | X4: 2 | Y4: 3 | Z4: 6
A5: 4 | B5: 0.058823529 | C5: 1 | D5: 0 | E5: 0 | F5: 0 | G5: 1 | H5: 1 | I5: 0 | J5: 0.040408337 | K5: 0 | L5: 1 | M5: 0 | N5: 0.26878717 | O5: 0.0012575706 | P5: 0.5 | Q5: 2 | R5: 1 | S5: 0 | T5: 1 | U5: 0 | V5: 0.011267606 | W5: 3 | X5: 2 | Y5: 2 | Z5: 7
A6: 5 | B6: 0.058823529 | C6: 1 | D6: 0 | E6: 0 | F6: 1 | G6: 0 | H6: 2 | I6: 0 | J6: 0.83666525 | K6: 0 | L6: 1 | M6: 0 | N6: 0.58991363 | O6: 0.0010060565 | P6: 0.875 | Q6: 0 | R6: 0 | S6: 0 | T6: 0 | U6: 0 | V6: 0.028169014 | W6: 3 | X6: 3 | Y6: 3 | Z6: 9
A7: 6 | B7: 0.76470588 | C7: 0 | D7: 0 | E7: 0 | F7: 1 | G7: 0 | H7: 2 | I7: 0 | J7: 0.040408337 | K7: 0 | L7: 1 | M7: 0 | N7: 0.34194548 | O7: 0.0017605988 | P7: 0.5 | Q7: 1 | R7: 0 | S7: 0 | T7: 0 | U7: 1 | V7: 0.17746479 | W7: 2 | X7: 2 | Y7: 2 | Z7: 6
A8: 7 | B8: 0.17647059 | C8: 0 | D8: 0 | E8: 1 | F8: 0 | G8: 0 | H8: 3 | I8: 0 | J8: 0.65291365 | K8: 1 | L8: 0 | M8: 0 | N8: 0.022785702 | O8: 0.0010060565 | P8: 0 | Q8: 0 | R8: 0 | S8: 0 | T8: 0 | U8: 0 | V8: 0.1915493 | W8: 2 | X8: 1 | Y8: 1 | Z8: 4
A9: 8 | B9: 0.37254902 | C9: 1 | D9: 1 | E9: 0 | F9: 0 | G9: 0 | H9: 1 | I9: 1 | J9: 0.346661 | K9: 0 | L9: 0 | M9: 1 | N9: 0.60335758 | O9: 0.0015090847 | P9: 0.75 | Q9: 2 | R9: 1 | S9: 0 | T9: 1 | U9: 1 | V9: 0.14647887 | W9: 2 | X9: 2 | Y9: 3 | Z9: 7
A10: 9 | B10: 0.41176471 | C10: 1 | D10: 0 | E10: 0 | F10: 1 | G10: 0 | H10: 3 | I10: 0 | J10: 0.4895789 | K10: 0 | L10: 1 | M10: 0 | N10: 0.38724735 | O10: 0.0015090847 | P10: 0.5 | Q10: 1 | R10: 0 | S10: 0 | T10: 1 | U10: 0 | V10: 0.2056338 | W10: 2 | X10: 2 | Y10: 2 | Z10: 6
A11: 10 | B11: 0.98039216 | C11: 1 | D11: 0 | E11: 1 | F11: 0 | G11: 0 | H11: 3 | I11: 1 | J11: 0.59166312 | K11: 0 | L11: 0 | M11: 1 | N11: 0.41097789 | O11: 0.0020121129 | P11: 0.75 | Q11: 0 | R11: 0 | S11: 0 | T11: 0 | U11: 0 | V11: 0.17183099 | W11: 2 | X11: 2 | Y11: 2 | Z11: 6
A12: 11 | B12: 0.70588235 | C12: 1 | D12: 0 | E12: 0 | F12: 1 | G12: 0 | H12: 2 | I12: 0 | J12: 0.61207997 | K12: 0 | L12: 0 | M12: 1 | N12: 0.51063609 | O12: 0.0015090847 | P12: 0.5 | Q12: 2 | R12: 1 | S12: 0 | T12: 0 | U12: 1 | V12: 0.047887324 | W12: 3 | X12: 2 | Y12: 3 | Z12: 8
A13: 12 | B13: 0.45098039 | C13: 0 | D13: 0 | E13: 1 | F13: 0 | G13: 0 | H13: 1 | I13: 0 | J13: 0.87749894 | K13: 0 | L13: 1 | M13: 0 | N13: 0.022895292 | O13: 0 | P13: 0 | Q13: 2 | R13: 1 | S13: 0 | T13: 1 | U13: 1 | V13: 0.16619718 | W13: 2 | X13: 1 | Y13: 1 | Z13: 4
... A1001: 1000 | B1001: 0.31372549 | C1001: 1 | D1001: 0 | E1001: 0 | F1001: 0 | G1001: 1 | H1001: 1 | I1001: 0 | J1001: 0.017014037 | K1001: 1 | L1001: 0 | M1001: 0 | N1001: 0.49196443 | O1001: 0.0011095965 | P1001: 0.625 | Q1001: 0 | R1001: 0 | S1001: 0 | T1001: 0 | U1001: 0 | V1001: 0.050704225 | W1001: 3 | X1001: 2 | Y1001: 3 | Z1001: 8
B1003: Age | C1003: LoginFreq | D1003: Total_Amt | E1003: Avg_Amt | F1003: Jml_Trx | G1003: Recency
A1004: MIN | B1004: =MIN(B2:B1001) -> 0 | C1004: =MIN(J2:J1001) -> 0 | D1004: =MIN(N2:N1001) -> 0 | E1004: =MIN(O2:O1001) -> 0 | F1004: =MIN(P2:P1001) -> 0 | G1004: =MIN(V2:V1001) -> 0
A1005: MAX | B1005: =MAX(B2:B1001) -> 1 | C1005: =MAX(J2:J1001) -> 1 | D1005: =MAX(N2:N1001) -> 1 | E1005: =MAX(O2:O1001) -> 1 | F1005: =MAX(P2:P1001) -> 1 | G1005: =MAX(V2:V1001) -> 1
